{
  "zone_1": {
<<<<<<< Updated upstream
    "beta": 0.32485701168842396,
=======
    "beta": 0.303,
>>>>>>> Stashed changes
    "sigma": 0.1923076923076923,
    "gamma": 0.3448275862068966,
    "population": 68520,
    "outbreak_zscore": 2.0,
    "epidemic_fraction": 0.01,
    "calibration_error_threshold": 50,
    "last_R": 0,
    "recent_counts": [
      3267,
      3260,
      3345,
      3259,
      3233,
      3245,
      3245
    ],
    "last_I": 3245,
    "last_E": 3245
  },
  "zone_2": {
<<<<<<< Updated upstream
    "beta": 0.32485701168842396,
=======
    "beta": 0.303,
>>>>>>> Stashed changes
    "sigma": 0.1923076923076923,
    "gamma": 0.3448275862068966,
    "population": 67591,
    "outbreak_zscore": 2.0,
    "epidemic_fraction": 0.01,
    "calibration_error_threshold": 50,
    "last_R": 0,
    "recent_counts": [
      11000,
      11296,
      11090,
      11355,
      11539,
      3387,
      3387
    ],
    "last_I": 3387,
    "last_E": 3387
  },
  "zone_3": {
<<<<<<< Updated upstream
    "beta": 0.32485701168842396,
=======
    "beta": 0.303,
>>>>>>> Stashed changes
    "sigma": 0.1923076923076923,
    "gamma": 0.3448275862068966,
    "population": 65980,
    "outbreak_zscore": 2.0,
    "epidemic_fraction": 0.01,
    "calibration_error_threshold": 50,
    "last_R": 0,
    "recent_counts": [
      3408,
      3488,
      3333,
      3379,
      3359,
      11573,
      11573
    ],
    "last_I": 11573,
    "last_E": 11573
  },
  "zone_4": {
<<<<<<< Updated upstream
    "beta": 0.32485701168842396,
=======
    "beta": 0.303,
>>>>>>> Stashed changes
    "sigma": 0.1923076923076923,
    "gamma": 0.3448275862068966,
    "population": 62862,
    "outbreak_zscore": 2.0,
    "epidemic_fraction": 0.01,
    "calibration_error_threshold": 50,
    "last_R": 0,
    "recent_counts": [
      6682,
      6888,
      6681,
      6889,
      6744,
      3420,
      3420
    ],
    "last_I": 3420,
    "last_E": 3420
  },
  "zone_5": {
<<<<<<< Updated upstream
    "beta": 0.32485701168842396,
=======
    "beta": 0.303,
>>>>>>> Stashed changes
    "sigma": 0.1923076923076923,
    "gamma": 0.3448275862068966,
    "population": 48113,
    "outbreak_zscore": 2.0,
    "epidemic_fraction": 0.01,
    "calibration_error_threshold": 50,
    "last_R": 0,
    "recent_counts": [
      5166,
      7415,
      5263,
      5210,
      5251,
      6862,
      6862
    ],
    "last_I": 6862,
    "last_E": 6862
  },
  "zone_6": {
<<<<<<< Updated upstream
    "beta": 0.32485701168842396,
=======
    "beta": 0.303,
>>>>>>> Stashed changes
    "sigma": 0.1923076923076923,
    "gamma": 0.3448275862068966,
    "population": 43829,
    "outbreak_zscore": 2.0,
    "epidemic_fraction": 0.01,
    "calibration_error_threshold": 50,
    "last_R": 0,
    "recent_counts": [
      10724,
      11000,
      10751,
      10740,
      10831,
      5915,
      5915
    ],
    "last_I": 5915,
    "last_E": 5915
  },
  "zone_7": {
<<<<<<< Updated upstream
    "beta": 0.32485701168842396,
=======
    "beta": 0.303,
>>>>>>> Stashed changes
    "sigma": 0.1923076923076923,
    "gamma": 0.3448275862068966,
    "population": 41823,
    "outbreak_zscore": 2.0,
    "epidemic_fraction": 0.01,
    "calibration_error_threshold": 50,
    "last_R": 0,
    "recent_counts": [
      2990,
      3050,
      3148,
      2980,
      3141,
      10934,
      10934
    ],
    "last_I": 10934,
    "last_E": 10934
  },
  "zone_8": {
<<<<<<< Updated upstream
    "beta": 0.32485701168842396,
=======
    "beta": 0.303,
>>>>>>> Stashed changes
    "sigma": 0.1923076923076923,
    "gamma": 0.3448275862068966,
    "population": 40401,
    "outbreak_zscore": 2.0,
    "epidemic_fraction": 0.01,
    "calibration_error_threshold": 50,
    "last_R": 0,
    "recent_counts": [
      12124,
      12004,
      12183,
      15700,
      12229,
      2798,
      2798
    ],
    "last_I": 2798,
    "last_E": 2798
  },
  "zone_9": {
<<<<<<< Updated upstream
    "beta": 0.32485701168842396,
=======
    "beta": 0.303,
>>>>>>> Stashed changes
    "sigma": 0.1923076923076923,
    "gamma": 0.3448275862068966,
    "population": 38790,
    "outbreak_zscore": 2.0,
    "epidemic_fraction": 0.01,
    "calibration_error_threshold": 50,
    "last_R": 0,
    "recent_counts": [
      2236,
      3185,
      2308,
      2308,
      2256,
      13881,
      13881
    ],
    "last_I": 13881,
    "last_E": 13881
  },
  "zone_10": {
<<<<<<< Updated upstream
    "beta": 0.32485701168842396,
=======
    "beta": 0.303,
>>>>>>> Stashed changes
    "sigma": 0.1923076923076923,
    "gamma": 0.3448275862068966,
    "population": 31205,
    "outbreak_zscore": 2.0,
    "epidemic_fraction": 0.01,
    "calibration_error_threshold": 50,
    "last_R": 0,
    "recent_counts": [
      3309,
      3536,
      3360,
      3507,
      3484,
      3327,
      3327
    ],
    "last_I": 3327,
    "last_E": 3327
  }
}