{
  "zone_1": {
    "beta": 0.3090903,
    "sigma": 0.1923076923076923,
    "gamma": 0.3448275862068966,
    "population": 61900,
    "outbreak_zscore": 2.0,
    "epidemic_fraction": 0.01,
    "calibration_error_threshold": 50,
    "last_R": 0,
    "recent_counts": [
      3136,
      3254,
      3267,
      3260,
      3345,
      3259,
      3233
    ],
    "last_I": 3233,
    "last_E": 3233
  },
  "zone_2": {
    "beta": 0.3090903,
    "sigma": 0.1923076923076923,
    "gamma": 0.3448275862068966,
    "population": 60457,
    "outbreak_zscore": 2.0,
    "epidemic_fraction": 0.01,
    "calibration_error_threshold": 50,
    "last_R": 0,
    "recent_counts": [
      11152,
      11120,
      11000,
      11296,
      11090,
      11355,
      11539
    ],
    "last_I": 11539,
    "last_E": 11539
  },
  "zone_3": {
    "beta": 0.3090903,
    "sigma": 0.1923076923076923,
    "gamma": 0.3448275862068966,
    "population": 59585,
    "outbreak_zscore": 2.0,
    "epidemic_fraction": 0.01,
    "calibration_error_threshold": 50,
    "last_R": 0,
    "recent_counts": [
      6092,
      3317,
      3408,
      3488,
      3333,
      3379,
      3359
    ],
    "last_I": 3359,
    "last_E": 3359
  },
  "zone_4": {
    "beta": 0.3090903,
    "sigma": 0.1923076923076923,
    "gamma": 0.3448275862068966,
    "population": 54697,
    "outbreak_zscore": 2.0,
    "epidemic_fraction": 0.01,
    "calibration_error_threshold": 50,
    "last_R": 0,
    "recent_counts": [
      12121,
      6750,
      6682,
      6888,
      6681,
      6889,
      6744
    ],
    "last_I": 6744,
    "last_E": 6744
  },
  "zone_5": {
    "beta": 0.3090903,
    "sigma": 0.1923076923076923,
    "gamma": 0.3448275862068966,
    "population": 51008,
    "outbreak_zscore": 2.0,
    "epidemic_fraction": 0.01,
    "calibration_error_threshold": 50,
    "last_R": 0,
    "recent_counts": [
      5097,
      5110,
      5166,
      7415,
      5263,
      5210,
      5251
    ],
    "last_I": 5251,
    "last_E": 5251
  },
  "zone_6": {
    "beta": 0.3090903,
    "sigma": 0.1923076923076923,
    "gamma": 0.3448275862068966,
    "population": 49796,
    "outbreak_zscore": 2.0,
    "epidemic_fraction": 0.01,
    "calibration_error_threshold": 50,
    "last_R": 0,
    "recent_counts": [
      10688,
      10788,
      10724,
      11000,
      10751,
      10740,
      10831
    ],
    "last_I": 10831,
    "last_E": 10831
  },
  "zone_7": {
    "beta": 0.3090903,
    "sigma": 0.1923076923076923,
    "gamma": 0.3448275862068966,
    "population": 44378,
    "outbreak_zscore": 2.0,
    "epidemic_fraction": 0.01,
    "calibration_error_threshold": 50,
    "last_R": 0,
    "recent_counts": [
      2999,
      3019,
      2990,
      3050,
      3148,
      2980,
      3141
    ],
    "last_I": 3141,
    "last_E": 3141
  },
  "zone_8": {
    "beta": 0.3090903,
    "sigma": 0.1923076923076923,
    "gamma": 0.3448275862068966,
    "population": 41794,
    "outbreak_zscore": 2.0,
    "epidemic_fraction": 0.01,
    "calibration_error_threshold": 50,
    "last_R": 0,
    "recent_counts": [
      11872,
      12054,
      12124,
      12004,
      12183,
      15700,
      12229
    ],
    "last_I": 12229,
    "last_E": 12229
  },
  "zone_9": {
    "beta": 0.3090903,
    "sigma": 0.1923076923076923,
    "gamma": 0.3448275862068966,
    "population": 38097,
    "outbreak_zscore": 2.0,
    "epidemic_fraction": 0.01,
    "calibration_error_threshold": 50,
    "last_R": 0,
    "recent_counts": [
      2330,
      2236,
      2236,
      3185,
      2308,
      2308,
      2256
    ],
    "last_I": 2256,
    "last_E": 2256
  },
  "zone_10": {
    "beta": 0.3090903,
    "sigma": 0.1923076923076923,
    "gamma": 0.3448275862068966,
    "population": 35383,
    "outbreak_zscore": 2.0,
    "epidemic_fraction": 0.01,
    "calibration_error_threshold": 50,
    "last_R": 0,
    "recent_counts": [
      4544,
      3343,
      3309,
      3536,
      3360,
      3507,
      3484
    ],
    "last_I": 3484,
    "last_E": 3484
  }
}